date,open,high,low,close,volume,name
2017-08-21,109.78,109.78,106.49,106.51,999823.0,PKG
2017-08-22,106.59,108.91,106.59,108.79,841971.0,PKG
2017-08-23,108.34,109.89,108.11,109.16,610152.0,PKG
2017-08-24,109.45,110.4,109.14,110.12,614280.0,PKG
2017-08-25,110.55,110.99,109.87,110.36,524525.0,PKG
2017-08-28,110.46,110.72,108.92,109.06,560158.0,PKG
2017-08-29,108.59,108.82,108.0,108.5,646926.0,PKG
2017-08-30,108.54,111.17,108.54,111.14,709293.0,PKG
2017-08-31,111.34,112.77,111.18,112.41,829022.0,PKG
2017-09-01,112.71,113.625,112.71,113.45,434542.0,PKG
2017-09-05,113.42,113.69,111.46,111.89,678124.0,PKG
2017-09-06,112.09,112.69,110.7,111.63,527789.0,PKG
2017-09-07,111.74,112.86,111.1435,112.28,605028.0,PKG
2017-09-08,112.41,114.44,112.23,113.79,724969.0,PKG
2017-09-11,114.43,117.4599,113.81,116.8,1484493.0,PKG
2017-09-12,117.9,118.97,117.09,118.27,1182498.0,PKG
2017-09-13,117.66,117.96,115.68,116.6,1225899.0,PKG
2017-09-14,115.54,116.04,114.85,115.8,861008.0,PKG
2017-09-15,115.56,116.08,114.5,115.88,2177654.0,PKG
2017-09-18,116.21,117.19,115.91,116.22,1092832.0,PKG
2017-09-19,116.22,117.55,115.325,117.26,1062489.0,PKG
2017-09-20,117.26,119.43,117.25,119.28,877107.0,PKG
2017-09-21,119.19,119.31,118.52,118.8,461863.0,PKG
2017-09-22,118.5,118.79,115.21,116.21,1079990.0,PKG
2017-09-25,115.78,116.1,112.2,113.9,977814.0,PKG
2017-09-26,114.07,115.12,113.9,114.32,663516.0,PKG
2017-09-27,114.87,115.87,114.24,115.29,696836.0,PKG
2017-09-28,115.06,116.19,114.58,115.61,874097.0,PKG
2017-09-29,115.09,115.14,113.89,114.68,829808.0,PKG
2017-10-02,114.45,117.06,114.45,116.85,681622.0,PKG
2017-10-03,117.27,117.88,116.461,117.27,545329.0,PKG
2017-10-04,117.3,117.96,116.805,117.33,655706.0,PKG
2017-10-05,117.38,117.39,116.31,117.06,771943.0,PKG
2017-10-06,116.75,117.82,116.33,116.5,527852.0,PKG
2017-10-09,116.8,117.11,116.01,116.72,383804.0,PKG
2017-10-10,116.88,117.65,116.55,117.47,366187.0,PKG
2017-10-11,117.58,117.78,116.3,116.7,589518.0,PKG
2017-10-12,116.92,116.92,115.385,115.5,809339.0,PKG
2017-10-13,115.29,116.07,115.13,115.69,771589.0,PKG
2017-10-16,115.97,117.05,115.6,117.0,694979.0,PKG
2017-10-17,117.07,117.61,116.52,116.75,711561.0,PKG
2017-10-18,116.91,117.24,116.08,116.42,793535.0,PKG
2017-10-19,116.15,116.74,115.69,116.6,386285.0,PKG
2017-10-20,117.26,118.38,116.98,118.36,596410.0,PKG
2017-10-23,118.84,118.99,118.09,118.14,547318.0,PKG
2017-10-24,119.4,119.57,117.86,118.63,757998.0,PKG
2017-10-25,118.94,119.28,116.9,118.115,590409.0,PKG
2017-10-26,117.0,120.75,116.51,118.58,912790.0,PKG
2017-10-27,117.8,118.015,111.65,116.93,1456689.0,PKG
2017-10-30,116.2,116.945,115.33,115.57,708149.0,PKG
2017-10-31,115.9,116.88,115.11,116.27,476629.0,PKG
2017-11-01,117.11,117.546,116.06,116.57,881734.0,PKG
2017-11-02,116.09,117.2,115.59,116.21,706913.0,PKG
2017-11-03,116.1,116.84,115.61,115.74,512971.0,PKG
2017-11-06,115.7,115.71,110.63,110.96,1736040.0,PKG
2017-11-07,110.78,111.9524,109.86,111.35,784080.0,PKG
2017-11-08,111.0,111.58,110.53,111.41,883439.0,PKG
2017-11-09,110.61,111.1,108.49,109.23,1183163.0,PKG
2017-11-10,109.41,110.62,109.29,110.27,913648.0,PKG
2017-11-13,110.19,112.73,109.67,112.36,1086501.0,PKG
2017-11-14,111.91,113.44,111.655,112.71,456757.0,PKG
2017-11-15,112.05,113.09,111.46,111.85,667717.0,PKG
2017-11-16,111.58,112.6,111.47,111.87,632358.0,PKG
2017-11-17,111.42,112.86,111.11,112.47,447175.0,PKG
2017-11-20,112.01,113.01,111.541,111.77,666238.0,PKG
2017-11-21,112.43,113.13,111.98,112.04,612289.0,PKG
2017-11-22,112.21,112.56,111.565,112.07,468825.0,PKG
2017-11-24,112.48,112.82,111.47,111.47,177969.0,PKG
2017-11-27,111.5,112.58,111.05,111.42,546009.0,PKG
2017-11-28,111.79,112.98,111.18,112.95,549815.0,PKG
2017-11-29,112.97,115.21,112.71,115.09,665335.0,PKG
2017-11-30,115.2,118.98,115.1,118.6,1333269.0,PKG
2017-12-01,118.53,118.54,114.41,117.4,932395.0,PKG
2017-12-04,118.41,119.94,117.85,118.91,885511.0,PKG
2017-12-05,118.44,118.805,117.38,117.76,670007.0,PKG
2017-12-06,117.9,118.47,117.16,117.34,520935.0,PKG
2017-12-07,117.15,118.53,116.82,117.96,634829.0,PKG
2017-12-08,118.23,119.06,117.755,118.34,592522.0,PKG
2017-12-11,118.13,118.695,116.295,118.13,773860.0,PKG
2017-12-12,117.99,117.99,116.82,116.96,582691.0,PKG
2017-12-13,116.71,117.73,116.71,116.98,611301.0,PKG
2017-12-14,117.24,117.46,114.87,114.89,930445.0,PKG
2017-12-15,115.16,116.27,114.18,115.27,1708201.0,PKG
2017-12-18,116.34,117.33,115.65,117.04,623268.0,PKG
2017-12-19,117.77,119.92,117.325,118.84,804801.0,PKG
2017-12-20,119.57,120.18,118.92,119.74,919356.0,PKG
2017-12-21,120.0,121.11,119.95,120.3,505375.0,PKG
2017-12-22,119.64,120.36,119.04,120.09,409532.0,PKG
2017-12-26,120.09,120.88,119.69,120.1,380874.0,PKG
2017-12-27,120.23,121.06,119.66,120.54,435404.0,PKG
2017-12-28,120.67,120.99,119.47,120.92,350549.0,PKG
2017-12-29,121.2,121.38,120.31,120.55,444428.0,PKG
2018-01-02,121.47,123.78,121.11,123.61,825426.0,PKG
2018-01-03,123.82,126.58,123.64,125.98,874367.0,PKG
2018-01-04,126.22,129.15,126.1535,128.08,1065451.0,PKG
2018-01-05,128.7,129.1,127.725,128.47,673008.0,PKG
2018-01-08,129.13,130.19,128.71,129.58,593244.0,PKG
2018-01-09,129.77,129.92,127.62,127.9,990796.0,PKG
2018-01-10,127.94,128.41,127.33,128.0,484574.0,PKG
2018-01-11,128.39,129.28,127.36,129.24,365290.0,PKG
2018-01-12,129.38,129.38,127.71,128.32,535861.0,PKG
2018-01-16,128.79,129.04,125.291,125.88,708983.0,PKG
2018-01-17,126.61,127.37,125.6,126.76,565818.0,PKG
2018-01-18,126.6,127.23,126.03,126.11,553272.0,PKG
2018-01-19,126.69,127.69,126.47,127.56,741165.0,PKG
2018-01-22,127.8,127.88,126.43,127.25,650824.0,PKG
2018-01-23,126.81,127.235,125.03,126.48,672257.0,PKG
2018-01-24,126.99,128.02,125.52,126.2,620355.0,PKG
2018-01-25,126.21,127.31,125.36,125.63,806255.0,PKG
2018-01-26,126.27,131.1316,124.69,126.93,1295973.0,PKG
2018-01-29,128.8,128.82,125.885,125.97,745453.0,PKG
2018-01-30,125.44,126.02,124.05,124.71,1058850.0,PKG
2018-01-31,125.08,125.94,119.28,125.63,2269244.0,PKG
2018-02-01,125.3,125.3,122.45,123.54,1661979.0,PKG
2018-02-02,123.14,123.59,121.8,123.1,1020102.0,PKG
2018-02-05,121.86,122.5,115.0,117.13,1208706.0,PKG
2018-02-06,114.44,119.269,114.44,118.96,1487026.0,PKG
2018-02-07,118.55,119.91,117.13,117.13,1001342.0,PKG
2013-02-08,34.49,34.9,34.49,34.75,1101605.0,PKI
2013-02-11,34.6,34.805,34.44,34.62,705990.0,PKI
2013-02-12,34.63,34.94,34.34,34.52,922026.0,PKI
2013-02-13,34.58,35.01,34.47,34.57,823058.0,PKI
2013-02-14,34.47,34.69,34.4,34.53,1004740.0,PKI
2013-02-15,34.63,34.72,34.02,34.13,1434082.0,PKI
2013-02-19,34.23,34.43,33.93,34.23,1890178.0,PKI
2013-02-20,34.06,34.13,33.32,33.35,1431289.0,PKI
2013-02-21,33.27,33.5,32.88,32.99,834915.0,PKI
2013-02-22,33.09,33.26,32.975,33.24,723406.0,PKI
2013-02-25,33.41,33.7,32.79,32.79,1044046.0,PKI
2013-02-26,33.25,33.97,32.9,33.83,1887483.0,PKI
2013-02-27,33.72,34.47,33.6,34.33,1611430.0,PKI
2013-02-28,34.4,34.75,34.17,34.17,1092144.0,PKI
2013-03-01,34.03,34.66,33.85,34.66,1231414.0,PKI
2013-03-04,34.5,34.665,34.235,34.38,910529.0,PKI
2013-03-05,34.6,34.89,34.5,34.82,956397.0,PKI
2013-03-06,34.85,34.96,34.75,34.88,635336.0,PKI
2013-03-07,34.97,35.32,34.68,35.3,1194249.0,PKI
2013-03-08,35.43,35.56,35.12,35.56,721105.0,PKI
2013-03-11,35.55,35.86,35.43,35.86,647884.0,PKI
2013-03-12,35.78,35.86,35.37,35.46,881289.0,PKI
2013-03-13,35.47,35.49,35.215,35.39,516858.0,PKI
2013-03-14,35.44,35.54,35.19,35.26,1042020.0,PKI
2013-03-15,35.23,35.29,35.16,35.25,1054230.0,PKI
2013-03-18,34.87,35.09,34.82,34.91,658313.0,PKI
2013-03-19,35.0,35.08,34.71,35.0,1269448.0,PKI
2013-03-20,35.2,35.26,34.88,35.02,647058.0,PKI
2013-03-21,34.84,34.95,34.23,34.32,878085.0,PKI
2013-03-22,34.33,34.46,33.85,34.02,828596.0,PKI
2013-03-25,34.22,34.22,32.76,33.37,1780064.0,PKI
2013-03-26,33.55,33.74,33.44,33.61,963227.0,PKI
2013-03-27,33.39,33.41,33.13,33.2,640653.0,PKI
2013-03-28,33.14,33.6725,33.05,33.64,657994.0,PKI
2013-04-01,33.59,33.74,33.04,33.44,768162.0,PKI
2013-04-02,33.6,33.85,33.42,33.85,1234656.0,PKI
2013-04-03,33.8,33.9,33.445,33.61,801088.0,PKI
2013-04-04,33.58,33.92,33.55,33.7,618357.0,PKI
2013-04-05,33.3,33.45,33.09,33.36,695542.0,PKI
2013-04-08,33.34,33.61,33.205,33.6,454329.0,PKI
2013-04-09,34.4,34.78,34.12,34.22,805716.0,PKI
2013-04-10,34.27,34.8,34.16,34.71,679128.0,PKI
2013-04-11,34.72,35.08,34.65,34.95,821672.0,PKI
2013-04-12,34.8,34.92,34.63,34.91,472572.0,PKI
2013-04-15,35.0,35.285,33.925,33.93,1455507.0,PKI
2013-04-16,34.17,34.64,34.17,34.62,960258.0,PKI
2013-04-17,34.28,34.28,33.92,34.09,1689748.0,PKI
2013-04-18,34.02,34.02,33.29,33.54,846550.0,PKI
2013-04-19,33.64,33.75,33.06,33.09,1262673.0,PKI
2013-04-22,33.21,33.4,32.99,33.26,608258.0,PKI
2013-04-23,33.5,34.14,33.5,33.86,1010572.0,PKI
2013-04-24,33.96,34.38,33.73,33.93,999731.0,PKI
2013-04-25,34.14,34.75,33.97,34.47,1011309.0,PKI
2013-04-26,29.62,31.11,29.5001,30.35,9192085.0,PKI
2013-04-29,30.36,30.62,30.085,30.6,2861516.0,PKI
2013-04-30,30.31,30.71,30.31,30.65,1926926.0,PKI
2013-05-01,30.99,31.38,30.8,30.82,2593533.0,PKI
2013-05-02,31.08,31.1199,30.54,30.55,1432702.0,PKI
2013-05-03,30.79,31.25,30.68,30.92,995832.0,PKI
2013-05-06,30.8,31.28,30.79,31.0,1475746.0,PKI
2013-05-07,30.97,31.71,30.88,31.71,1439192.0,PKI
2013-05-08,31.72,32.355,31.7,32.21,2312183.0,PKI
2013-05-09,32.18,32.51,32.125,32.28,968082.0,PKI
2013-05-10,32.3,32.74,32.27,32.69,705861.0,PKI
2013-05-13,32.57,32.69,32.2,32.42,647879.0,PKI
2013-05-14,32.37,32.54,32.31,32.4,897659.0,PKI
2013-05-15,32.48,32.72,32.405,32.68,949473.0,PKI
2013-05-16,32.57,32.745,31.82,31.98,1861404.0,PKI
2013-05-17,32.15,32.29,31.95,32.19,1228248.0,PKI
2013-05-20,32.17,32.67,32.14,32.23,918362.0,PKI
2013-05-21,32.25,32.615,32.21,32.54,1041283.0,PKI
2013-05-22,32.51,32.89,31.68,31.82,1310054.0,PKI
2013-05-23,31.44,31.86,31.34,31.76,1127194.0,PKI
2013-05-24,31.58,31.81,31.47,31.73,968756.0,PKI
2013-05-28,32.07,32.56,31.92,32.03,1471717.0,PKI
2013-05-29,31.88,31.94,31.48,31.75,1277603.0,PKI
2013-05-30,31.76,32.06,31.715,31.76,979767.0,PKI
2013-05-31,31.67,31.995,31.32,31.32,630519.0,PKI
2013-06-03,31.46,31.91,31.3401,31.86,1504156.0,PKI
2013-06-04,31.78,32.28,31.73,32.03,2225492.0,PKI
2013-06-05,32.04,32.19,31.755,31.95,1826802.0,PKI
2013-06-06,31.85,32.31,31.7401,32.31,1231399.0,PKI
2013-06-07,32.5,32.79,32.44,32.68,812114.0,PKI
2013-06-10,32.71,32.96,32.53,32.82,693754.0,PKI
2013-06-11,32.48,32.58,32.08,32.28,962711.0,PKI
2013-06-12,32.48,32.91,32.26,32.59,1758803.0,PKI
2013-06-13,32.6,33.515,32.2,33.42,1435036.0,PKI
2013-06-14,33.29,33.68,32.9,33.04,852235.0,PKI
2013-06-17,33.25,33.98,33.13,33.85,1056140.0,PKI
2013-06-18,33.86,34.5,33.85,34.41,1135631.0,PKI
2013-06-19,34.36,34.39,33.62,33.66,783663.0,PKI
2013-06-20,33.3,33.31,32.64,32.76,1313687.0,PKI
2013-06-21,32.91,33.53,32.86,33.49,1704545.0,PKI
2013-06-24,33.23,33.23,32.6,32.74,878543.0,PKI
2013-06-25,33.08,33.28,32.47,32.74,1154839.0,PKI
2013-06-26,33.06,33.23,32.68,32.76,1048407.0,PKI
2013-06-27,33.01,33.12,32.74,32.87,1880655.0,PKI
2013-06-28,32.8,32.89,32.47,32.5,3402306.0,PKI
2013-07-01,32.7,33.06,32.55,32.74,745096.0,PKI
2013-07-02,32.63,33.15,32.35,32.53,830893.0,PKI
2013-07-03,32.33,32.6,32.22,32.39,290131.0,PKI
2013-07-05,32.69,33.0134,32.6,32.82,537670.0,PKI
2013-07-08,33.04,33.475,32.97,33.14,1055162.0,PKI
2013-07-09,33.31,33.71,33.29,33.67,498682.0,PKI
2013-07-10,33.57,33.87,33.57,33.83,379438.0,PKI
2013-07-11,34.2,34.24,33.78,33.99,526155.0,PKI
2013-07-12,33.98,34.07,33.72,33.81,691067.0,PKI
2013-07-15,33.75,34.05,33.62,33.96,938022.0,PKI
2013-07-16,34.0,34.09,33.26,33.38,1168859.0,PKI
2013-07-17,33.44,33.63,33.26,33.29,800567.0,PKI
2013-07-18,33.39,33.8,33.32,33.71,827031.0,PKI
2013-07-19,33.66,34.14,33.65,34.08,585632.0,PKI
2013-07-22,34.1,34.26,33.99,34.16,493228.0,PKI
2013-07-23,33.99,34.12,33.6,33.72,534006.0,PKI
2013-07-24,33.91,34.05,33.68,33.8,676935.0,PKI
2013-07-25,33.74,33.97,33.68,33.96,490161.0,PKI
2013-07-26,33.79,34.12,33.606,34.12,668423.0,PKI
2013-07-29,33.93,34.36,33.93,34.26,838566.0,PKI
2013-07-30,34.45,34.57,34.24,34.38,661607.0,PKI
2013-07-31,34.43,34.58,34.09,34.09,1093535.0,PKI
2013-08-01,34.34,35.1,34.05,35.07,1453875.0,PKI
2013-08-02,35.9,37.6699,35.59,36.41,2752815.0,PKI
2013-08-05,36.26,36.49,35.92,36.36,1020338.0,PKI
2013-08-06,36.36,36.5,36.05,36.3,769447.0,PKI
2013-08-07,36.21,36.675,36.0,36.56,1061625.0,PKI
2013-08-08,36.65,37.0,36.43,36.59,1027050.0,PKI
2013-08-09,36.56,36.92,36.4526,36.92,1133326.0,PKI
2013-08-12,36.84,37.69,36.59,37.5,1588431.0,PKI
2013-08-13,37.41,37.7,37.0,37.63,1305866.0,PKI
2013-08-14,37.52,37.66,37.361,37.4,970351.0,PKI
2013-08-15,37.08,37.28,36.715,36.76,1816532.0,PKI
2013-08-16,36.64,36.82,36.38,36.47,1366222.0,PKI
2013-08-19,36.47,36.75,36.43,36.5,806362.0,PKI
2013-08-20,36.59,36.59,36.16,36.25,1085127.0,PKI
2013-08-21,36.25,36.61,36.04,36.38,806317.0,PKI
2013-08-22,36.42,36.6,36.36,36.39,536959.0,PKI
2013-08-23,36.55,36.79,36.4,36.77,495861.0,PKI
2013-08-26,36.76,36.94,36.65,36.77,563830.0,PKI
2013-08-27,36.32,36.49,35.83,36.02,1027701.0,PKI
2013-08-28,36.06,36.06,35.805,36.0,641335.0,PKI
2013-08-29,35.87,36.12,35.71,36.04,680829.0,PKI
2013-08-30,36.06,36.07,35.85,35.97,687535.0,PKI
2013-09-03,36.42,36.69,35.97,36.35,575674.0,PKI
2013-09-04,36.3,36.7,36.2,36.64,663517.0,PKI
2013-09-05,36.69,37.145,36.64,36.9,513737.0,PKI
2013-09-06,36.95,37.1,36.48,36.98,500861.0,PKI
2013-09-09,37.04,37.47,37.0,37.42,562849.0,PKI
2013-09-10,37.61,37.92,37.54,37.7,716763.0,PKI
2013-09-11,37.75,37.98,37.73,37.95,850709.0,PKI
2013-09-12,37.85,37.94,37.47,37.51,995738.0,PKI
2013-09-13,37.46,37.75,37.41,37.69,990400.0,PKI
2013-09-16,38.06,38.27,37.87,37.94,457975.0,PKI
2013-09-17,38.62,38.67,38.32,38.54,888471.0,PKI
2013-09-18,38.61,38.78,38.14,38.63,831282.0,PKI
2013-09-19,38.85,39.05,38.495,38.58,797569.0,PKI
2013-09-20,38.64,38.99,38.24,38.24,1228679.0,PKI
2013-09-23,38.13,38.2499,37.7,37.86,782263.0,PKI
2013-09-24,37.82,38.06,37.59,37.82,455662.0,PKI
2013-09-25,37.81,37.96,37.485,37.57,466588.0,PKI
2013-09-26,37.75,38.12,37.67,38.11,398959.0,PKI
2013-09-27,37.76,38.51,37.75,38.11,583550.0,PKI
2013-09-30,37.85,38.085,37.56,37.75,544860.0,PKI
2013-10-01,37.78,38.34,37.67,37.95,676722.0,PKI
2013-10-02,37.63,37.87,37.24,37.86,648029.0,PKI
2013-10-03,37.72,37.84,37.34,37.5,546771.0,PKI
2013-10-04,37.43,37.94,37.345,37.78,326415.0,PKI
2013-10-07,37.42,37.46,37.149,37.24,558357.0,PKI
2013-10-08,37.2,37.34,36.616,36.69,876781.0,PKI
2013-10-09,36.79,36.84,36.255,36.33,568136.0,PKI
2013-10-10,36.72,37.03,36.61,37.03,864968.0,PKI
2013-10-11,36.98,37.31,36.87,37.26,706181.0,PKI
2013-10-14,37.01,37.29,36.81,37.23,445886.0,PKI
2013-10-15,37.18,37.49,36.38,36.49,1350011.0,PKI
2013-10-16,36.62,36.99,36.51,36.65,1130867.0,PKI
2013-10-17,36.61,37.76,36.52,37.7,1039796.0,PKI
2013-10-18,37.94,38.07,37.5,37.77,505792.0,PKI
2013-10-21,37.76,37.89,37.57,37.67,332304.0,PKI
2013-10-22,37.93,37.93,37.435,37.71,685440.0,PKI
2013-10-23,37.6,37.97,37.42,37.94,429818.0,PKI
2013-10-24,38.0,38.24,37.93,38.21,396935.0,PKI
2013-10-25,38.21,38.66,38.02,38.59,619405.0,PKI
2013-10-28,38.55,38.59,38.14,38.38,522014.0,PKI
2013-10-29,38.38,38.71,38.38,38.71,652926.0,PKI
2013-10-30,38.61,38.68,37.82,38.26,1047267.0,PKI
2013-10-31,38.15,39.09,37.55,38.04,1349637.0,PKI
2013-11-01,38.07,38.44,37.75,37.96,578168.0,PKI
2013-11-04,38.08,38.12,37.87,37.96,418652.0,PKI
2013-11-05,37.76,37.84,37.28,37.29,762341.0,PKI
2013-11-06,37.29,37.53,36.8,36.85,754192.0,PKI
2013-11-07,37.0,37.0,36.39,36.41,905091.0,PKI
2013-11-08,36.35,37.2,36.28,37.1,976092.0,PKI
2013-11-11,37.12,37.43,36.94,37.01,773566.0,PKI
2013-11-12,36.99,37.17,36.78,37.09,394630.0,PKI
2013-11-13,36.94,37.24,36.7275,37.16,444005.0,PKI
2013-11-14,37.19,37.56,37.0,37.53,467169.0,PKI
2013-11-15,37.74,38.33,37.71,38.3,1039792.0,PKI
2013-11-18,38.44,38.475,37.84,37.89,446304.0,PKI
2013-11-19,37.81,38.03,37.6,37.94,368817.0,PKI
2013-11-20,37.98,38.29,37.83,37.9,317681.0,PKI
2013-11-21,37.91,38.36,37.91,38.25,295424.0,PKI
2013-11-22,38.29,38.29,37.925,38.0,506706.0,PKI
2013-11-25,38.02,38.15,37.725,37.84,327513.0,PKI
2013-11-26,37.89,38.13,37.83,38.0,521757.0,PKI
2013-11-27,38.04,38.225,37.83,38.18,444722.0,PKI
2013-11-29,38.2,38.2,37.84,38.04,195608.0,PKI
2013-12-02,37.99,38.37,37.68,37.77,927779.0,PKI
2013-12-03,37.49,37.64,37.23,37.38,571750.0,PKI
2013-12-04,37.29,37.61,37.24,37.48,871144.0,PKI
2013-12-05,37.43,37.77,37.41,37.53,549664.0,PKI
2013-12-06,37.81,38.17,37.655,38.14,592919.0,PKI
2013-12-09,38.14,38.75,38.12,38.69,752373.0,PKI
2013-12-10,39.09,40.61,39.06,39.61,2081864.0,PKI
2013-12-11,39.62,39.8,38.67,38.87,1016189.0,PKI
2013-12-12,38.85,39.405,38.685,39.06,1001175.0,PKI
2013-12-13,39.08,39.18,38.8,38.97,750467.0,PKI
2013-12-16,39.19,39.37,38.97,39.25,509448.0,PKI
2013-12-17,39.23,39.46,39.02,39.07,614872.0,PKI
2013-12-18,39.06,40.22,39.04,40.21,748678.0,PKI
2013-12-19,40.13,40.55,39.89,40.45,707929.0,PKI
2013-12-20,40.64,40.9,40.43,40.64,972302.0,PKI
2013-12-23,40.92,41.14,40.43,41.05,1258365.0,PKI
2013-12-24,41.03,41.28,40.94,41.12,216085.0,PKI
2013-12-26,41.11,41.35,40.7,41.08,254027.0,PKI
2013-12-27,41.22,41.41,41.08,41.18,226276.0,PKI
2013-12-30,41.14,41.36,40.94,41.35,290031.0,PKI
2013-12-31,41.39,41.41,40.95,41.23,410976.0,PKI
2014-01-02,40.99,41.39,40.86,40.94,832589.0,PKI
2014-01-03,41.14,41.6,41.0,41.21,802254.0,PKI
2014-01-06,41.8,42.271,41.63,41.69,1242223.0,PKI
2014-01-07,41.73,42.25,41.58,42.11,702938.0,PKI
2014-01-08,42.18,42.83,42.01,42.7,1062055.0,PKI
2014-01-09,42.95,43.48,42.84,43.43,957648.0,PKI
2014-01-10,43.37,43.43,42.98,43.18,892165.0,PKI
2014-01-13,43.21,43.21,42.2,42.35,589154.0,PKI
2014-01-14,42.54,42.89,42.25,42.75,787347.0,PKI
2014-01-15,42.91,43.21,42.67,42.98,554703.0,PKI
2014-01-16,42.94,43.52,42.78,43.23,696605.0,PKI
2014-01-17,43.33,43.54,42.98,43.01,516921.0,PKI
2014-01-21,43.36,43.4,42.64,43.12,551854.0,PKI
2014-01-22,43.15,43.39,42.76,43.04,387946.0,PKI
2014-01-23,42.91,42.91,42.14,42.49,648120.0,PKI
2014-01-24,42.25,42.32,41.15,41.18,739393.0,PKI
2014-01-27,41.53,41.63,40.63,41.06,1363001.0,PKI
2014-01-28,41.48,42.76,41.35,42.71,1298777.0,PKI
2014-01-29,42.3,42.7,42.18,42.6,1348893.0,PKI
2014-01-30,43.09,44.23,42.94,44.04,2500512.0,PKI
2014-01-31,45.84,45.86,43.14,43.6,2378156.0,PKI
2014-02-03,43.85,44.03,42.73,43.03,2238548.0,PKI
2014-02-04,43.15,43.35,42.67,42.84,1226782.0,PKI
2014-02-05,42.78,42.85,41.89,42.67,1541565.0,PKI
2014-02-06,42.73,43.05,42.67,42.86,923510.0,PKI
2014-02-07,43.0,43.92,42.85,43.78,1699419.0,PKI
2014-02-10,43.8,43.95,43.36,43.54,703950.0,PKI
2014-02-11,43.6,44.04,43.55,43.99,882010.0,PKI
2014-02-12,44.19,44.42,43.95,44.17,1021281.0,PKI
2014-02-13,43.9,44.38,43.83,44.27,651994.0,PKI
2014-02-14,44.06,44.2,43.78,43.98,832143.0,PKI
2014-02-18,44.07,44.15,43.575,43.67,734072.0,PKI
2014-02-19,43.57,43.57,42.68,42.99,1443065.0,PKI
2014-02-20,43.17,44.055,42.99,44.05,1830957.0,PKI
2014-02-21,44.13,44.1612,43.665,43.72,1917574.0,PKI
2014-02-24,43.86,44.32,43.81,44.15,1624797.0,PKI
2014-02-25,44.2,44.28,43.89,44.27,1309577.0,PKI
2014-02-26,44.3,44.88,44.2,44.63,1005234.0,PKI
2014-02-27,44.61,45.435,44.48,45.3,1296149.0,PKI
2014-02-28,45.46,45.51,45.07,45.32,851944.0,PKI
2014-03-03,44.83,45.155,44.45,44.78,774132.0,PKI
2014-03-04,45.25,45.48,45.15,45.4,1086652.0,PKI
2014-03-05,45.42,46.72,45.15,45.82,1925141.0,PKI
2014-03-06,45.99,46.23,45.7,46.09,1166849.0,PKI
2014-03-07,46.37,46.37,45.55,45.84,716584.0,PKI
2014-03-10,45.85,45.88,45.2,45.5,447496.0,PKI
2014-03-11,45.51,45.66,44.81,44.99,667538.0,PKI
2014-03-12,44.81,45.45,44.63,45.37,555160.0,PKI
2014-03-13,45.47,45.68,44.42,44.61,441075.0,PKI
2014-03-14,44.53,44.89,44.3816,44.75,681038.0,PKI
2014-03-17,44.96,45.45,44.86,45.4,592171.0,PKI
2014-03-18,45.5,45.96,45.42,45.91,749522.0,PKI
2014-03-19,45.92,46.06,45.55,45.9,605795.0,PKI
2014-03-20,45.75,46.4,45.29,46.21,779218.0,PKI
2014-03-21,46.43,46.54,45.56,45.67,1156381.0,PKI
2014-03-24,45.73,45.85,44.495,45.07,1127725.0,PKI
2014-03-25,45.07,45.28,44.38,44.75,1252679.0,PKI
2014-03-26,44.92,45.32,44.65,44.65,830842.0,PKI
2014-03-27,44.63,44.87,44.11,44.33,703141.0,PKI
2014-03-28,44.41,44.91,44.4,44.53,572388.0,PKI
2014-03-31,44.7,45.38,44.59,45.06,877820.0,PKI
2014-04-01,45.16,45.48,44.99,45.45,799975.0,PKI
2014-04-02,45.62,46.155,45.52,46.15,632445.0,PKI
2014-04-03,46.29,46.325,45.69,46.2,1001714.0,PKI
2014-04-04,46.43,46.5,45.5033,45.66,688469.0,PKI
2014-04-07,45.57,45.61,44.54,44.97,835996.0,PKI
2014-04-08,44.9,45.2,44.43,45.04,730346.0,PKI
2014-04-09,44.57,45.74,44.3,45.68,1112201.0,PKI
2014-04-10,45.69,45.76,44.26,44.41,922550.0,PKI
2014-04-11,44.12,44.58,43.8,43.8,715292.0,PKI
2014-04-14,44.08,44.2,43.52,44.12,1116803.0,PKI
2014-04-15,44.07,44.44,43.03,44.03,633110.0,PKI
2014-04-16,44.32,44.445,43.825,44.19,574002.0,PKI
2014-04-17,44.18,44.61,44.0,44.27,642461.0,PKI
2014-04-21,44.34,44.845,44.19,44.76,394964.0,PKI
2014-04-22,43.28,44.59,43.1,44.34,1761440.0,PKI
2014-04-23,44.75,45.16,43.89,44.54,1260196.0,PKI
2014-04-24,44.7,44.93,44.0401,44.31,992351.0,PKI
2014-04-25,44.55,44.726,42.61,43.01,1647174.0,PKI
2014-04-28,43.12,43.23,41.83,42.14,1771960.0,PKI
2014-04-29,42.17,42.27,41.9,42.14,1554842.0,PKI
2014-04-30,42.14,42.205,41.48,41.97,1096641.0,PKI
2014-05-01,41.99,42.77,41.92,42.32,778180.0,PKI
2014-05-02,42.34,42.98,42.27,42.44,589234.0,PKI
2014-05-05,43.32,44.0,42.83,43.95,1264022.0,PKI
2014-05-06,43.72,43.81,43.17,43.21,848000.0,PKI
2014-05-07,43.25,43.48,42.58,43.3,716520.0,PKI
2014-05-08,43.32,43.89,43.06,43.22,477569.0,PKI
2014-05-09,43.27,43.7,42.84,43.62,500662.0,PKI
2014-05-12,43.82,44.55,43.76,44.34,507570.0,PKI
2014-05-13,44.32,44.6,44.07,44.47,843755.0,PKI
2014-05-14,44.44,44.61,43.63,43.78,1132033.0,PKI
2014-05-15,43.54,43.71,42.48,42.91,845883.0,PKI
2014-05-16,42.81,43.38,42.44,43.38,855735.0,PKI
2014-05-19,43.29,43.67,43.09,43.61,1167754.0,PKI
2014-05-20,43.63,43.66,43.23,43.4,942858.0,PKI
2014-05-21,43.51,43.92,43.49,43.57,1112331.0,PKI
2014-05-22,43.65,44.12,43.47,44.07,581232.0,PKI
2014-05-23,44.1,44.275,43.64,44.14,442484.0,PKI
2014-05-27,44.37,44.46,44.07,44.25,316809.0,PKI
2014-05-28,44.34,44.73,44.08,44.44,592016.0,PKI
2014-05-29,44.58,45.03,44.53,44.82,559485.0,PKI
2014-05-30,44.79,45.0,44.6,44.97,445283.0,PKI
2014-06-02,44.94,45.54,44.87,45.53,940806.0,PKI
2014-06-03,45.41,46.26,45.4,46.17,1027523.0,PKI
2014-06-04,46.41,46.57,46.12,46.25,709805.0,PKI
2014-06-05,46.13,46.81,46.02,46.75,736548.0,PKI
2014-06-06,47.0,47.53,46.88,47.52,823264.0,PKI
2014-06-09,47.26,47.64,46.96,47.01,940092.0,PKI
2014-06-10,47.0,47.04,46.74,46.88,801957.0,PKI
2014-06-11,46.64,46.75,46.055,46.66,1331790.0,PKI
2014-06-12,46.66,46.8,46.25,46.39,593847.0,PKI
2014-06-13,46.41,46.6,46.21,46.41,405702.0,PKI
2014-06-16,46.36,46.73,45.71,46.04,1568574.0,PKI
2014-06-17,45.95,46.6,45.75,46.34,1186561.0,PKI
2014-06-18,46.33,47.03,46.33,47.0,910787.0,PKI
2014-06-19,47.12,47.12,46.56,46.82,484303.0,PKI
2014-06-20,46.97,47.12,46.67,47.11,903742.0,PKI
2014-06-23,47.05,47.16,46.85,46.91,387480.0,PKI
2014-06-24,46.75,47.25,46.55,46.58,347100.0,PKI
2014-06-25,46.52,46.86,46.41,46.73,461436.0,PKI
2014-06-26,46.89,46.89,46.38,46.75,383108.0,PKI
2014-06-27,46.74,47.06,46.55,46.79,684351.0,PKI
2014-06-30,46.77,46.93,46.59,46.84,363962.0,PKI
2014-07-01,47.13,47.72,46.8,47.61,536126.0,PKI
2014-07-02,47.71,48.13,47.495,47.68,517425.0,PKI
2014-07-03,47.69,48.26,47.62,48.25,424316.0,PKI
2014-07-07,48.03,48.03,47.31,47.46,489278.0,PKI
2014-07-08,47.24,47.26,46.5,46.8,629139.0,PKI
2014-07-09,46.9,47.06,46.47,46.86,359442.0,PKI
2014-07-10,46.18,46.79,46.06,46.69,353135.0,PKI
2014-07-11,46.6,46.63,46.27,46.6,326621.0,PKI
2014-07-14,46.96,47.0,46.6,46.79,333107.0,PKI
2014-07-15,46.69,46.83,46.12,46.25,1004168.0,PKI
2014-07-16,46.37,46.44,45.865,46.1,568816.0,PKI
2014-07-17,46.16,46.68,45.89,46.02,650159.0,PKI
2014-07-18,46.14,46.75,46.14,46.69,647090.0,PKI
2014-07-21,46.4,47.38,46.29,47.08,736525.0,PKI
2014-07-22,47.42,47.85,47.32,47.65,770374.0,PKI
2014-07-23,47.86,47.99,47.26,47.65,744479.0,PKI
2014-07-24,47.69,47.9,47.54,47.72,367231.0,PKI
2014-07-25,47.38,47.91,47.12,47.82,428138.0,PKI
2014-07-28,47.76,47.88,47.22,47.38,628046.0,PKI
2014-07-29,47.39,47.52,47.08,47.15,658119.0,PKI
2014-07-30,47.2,47.54,46.82,47.14,843767.0,PKI
2014-07-31,46.98,47.11,45.83,46.22,1465128.0,PKI
2014-08-01,44.29,44.84,43.06,44.54,2733048.0,PKI
2014-08-04,44.51,44.91,44.24,44.81,682391.0,PKI
2014-08-05,44.46,45.06,44.42,44.76,764243.0,PKI
2014-08-06,44.4,45.08,44.37,44.78,470210.0,PKI
2014-08-07,44.87,45.22,44.54,44.66,637419.0,PKI
2014-08-08,44.71,45.0,44.44,44.95,334337.0,PKI
2014-08-11,45.02,45.19,44.62,44.65,295650.0,PKI
2014-08-12,44.72,44.97,44.53,44.87,340886.0,PKI
2014-08-13,45.04,45.32,44.88,45.27,247849.0,PKI
2014-08-14,45.29,45.68,45.21,45.61,339135.0,PKI
2014-08-15,45.84,45.84,44.92,45.33,361245.0,PKI
2014-08-18,45.55,45.88,45.33,45.86,345598.0,PKI
2014-08-19,45.88,46.01,45.46,45.6,495760.0,PKI
2014-08-20,45.41,45.51,45.06,45.15,696277.0,PKI
2014-08-21,45.28,45.42,44.94,45.12,663957.0,PKI
2014-08-22,45.16,45.33,44.88,44.89,523321.0,PKI
2014-08-25,45.07,45.41,45.0165,45.2,395608.0,PKI
2014-08-26,45.23,45.405,45.04,45.07,382512.0,PKI
2014-08-27,45.13,45.17,44.61,44.69,537979.0,PKI
2014-08-28,44.63,44.87,44.475,44.71,597369.0,PKI
2014-08-29,44.74,44.937,44.65,44.85,299357.0,PKI
2014-09-02,44.95,45.36,44.76,44.89,867731.0,PKI
2014-09-03,45.09,45.29,44.85,44.95,419693.0,PKI
2014-09-04,44.97,45.66,44.85,45.04,982776.0,PKI
2014-09-05,45.04,45.27,44.78,45.2,331756.0,PKI
2014-09-08,45.31,45.5,45.17,45.44,837414.0,PKI
2014-09-09,45.44,45.48,44.93,44.98,585345.0,PKI
2014-09-10,45.17,45.19,44.78,45.08,972135.0,PKI
2014-09-11,44.98,45.22,44.78,44.92,814018.0,PKI
2014-09-12,44.85,44.89,44.31,44.67,917606.0,PKI
2014-09-15,44.58,44.72,43.99,44.15,737342.0,PKI
2014-09-16,44.0,44.17,43.58,43.75,1516223.0,PKI
2014-09-17,43.84,44.45,43.83,44.3,1170281.0,PKI
2014-09-18,44.48,44.715,44.29,44.35,848959.0,PKI
2014-09-19,44.56,44.7,44.01,44.04,980357.0,PKI
2014-09-22,44.48,44.48,43.88,44.24,1294063.0,PKI
2014-09-23,44.0,44.11,43.75,43.78,1239965.0,PKI
2014-09-24,43.8,44.525,43.69,44.44,1073690.0,PKI
2014-09-25,44.33,44.38,43.51,43.51,1339651.0,PKI
2014-09-26,43.59,43.79,43.36,43.75,957380.0,PKI
2014-09-29,43.38,44.04,43.38,43.99,704590.0,PKI
2014-09-30,44.01,44.06,43.54,43.6,702521.0,PKI
2014-10-01,43.58,43.58,42.74,42.85,1275049.0,PKI
2014-10-02,42.68,42.82,42.13,42.4,1207239.0,PKI
2014-10-03,42.59,42.96,42.5,42.8,981554.0,PKI
2014-10-06,43.0,43.19,42.61,42.88,447880.0,PKI
2014-10-07,42.64,42.68,42.23,42.23,863061.0,PKI
2014-10-08,42.26,43.3,42.241,43.18,1267088.0,PKI
2014-10-09,43.14,43.22,42.43,42.43,2582377.0,PKI
2014-10-10,42.45,42.56,41.16,41.18,1584608.0,PKI
2014-10-13,41.06,41.27,39.79,39.83,1596426.0,PKI
2014-10-14,40.14,40.88,39.85,40.4,1220711.0,PKI
2014-10-15,39.53,40.05,38.96,39.85,1113257.0,PKI
2014-10-16,39.17,40.16,39.02,40.07,1344111.0,PKI
2014-10-17,40.39,40.83,39.93,40.0,1226937.0,PKI
2014-10-20,39.89,40.17,39.82,40.07,1834959.0,PKI
2014-10-21,39.98,41.77,39.87,41.69,2663075.0,PKI
2014-10-22,41.48,41.5,40.21,40.23,1689837.0,PKI
2014-10-23,40.63,41.3,40.63,41.13,986817.0,PKI
2014-10-24,41.25,41.75,41.0845,41.72,817521.0,PKI
2014-10-27,41.63,41.81,41.45,41.79,639334.0,PKI
2014-10-28,41.93,42.86,41.79,42.84,1147542.0,PKI
2014-10-29,42.78,42.78,41.92,42.62,1404468.0,PKI
2014-10-30,43.83,43.93,43.64,43.78,483630.0,PKI
2014-10-31,43.17,44.41,42.6,43.42,1835196.0,PKI
2014-11-03,43.34,44.07,43.104,43.81,951374.0,PKI
2014-11-04,43.73,44.22,43.61,44.08,1000695.0,PKI
2014-11-05,44.42,44.74,44.03,44.07,1135197.0,PKI
2014-11-06,44.06,44.67,44.04,44.66,729814.0,PKI
2014-11-07,44.49,44.61,43.48,43.81,1249867.0,PKI
2014-11-10,43.96,44.05,43.67,44.02,631052.0,PKI
2014-11-11,43.97,44.1,43.73,43.99,672048.0,PKI
2014-11-12,43.83,43.93,43.64,43.78,483630.0,PKI
2014-11-13,43.77,43.7925,43.36,43.54,775898.0,PKI
2014-11-14,43.48,44.0,43.39,43.65,519090.0,PKI
2014-11-17,43.6,43.78,43.16,43.39,516158.0,PKI
2014-11-18,43.37,44.03,43.33,43.86,541011.0,PKI
2014-11-19,43.8,43.87,43.42,43.73,436728.0,PKI
2014-11-20,43.61,44.25,43.45,44.0,523803.0,PKI
2014-11-21,44.5,45.385,44.33,45.33,1272621.0,PKI
2014-11-24,45.38,45.6,45.08,45.49,757823.0,PKI
2014-11-25,45.72,46.22,45.52,45.76,872943.0,PKI
2014-11-26,45.8,45.8,45.3,45.64,357318.0,PKI
2014-11-28,45.65,45.72,45.3,45.47,532814.0,PKI
2014-12-01,45.31,45.59,45.21,45.38,751090.0,PKI
2014-12-02,44.05,45.08,43.74,44.95,1412094.0,PKI
2014-12-03,45.0,45.3,44.8,44.85,569031.0,PKI
2014-12-04,44.8,44.99,44.41,44.55,1056949.0,PKI
2014-12-05,44.52,44.8,43.97,44.07,763208.0,PKI
2014-12-08,44.05,44.19,43.41,43.49,819716.0,PKI
2014-12-09,43.02,43.2,42.73,43.0,1096993.0,PKI
2014-12-10,42.91,43.0,42.01,42.02,1376107.0,PKI
2014-12-11,42.08,42.61,42.0,42.07,853364.0,PKI
2014-12-12,41.75,42.13,41.67,41.73,1074594.0,PKI
2014-12-15,41.93,42.04,41.29,41.41,1047898.0,PKI
2014-12-16,41.33,41.76,40.88,40.95,1470392.0,PKI
2014-12-17,41.23,42.45,40.835,42.36,1418845.0,PKI
2014-12-18,42.85,43.13,42.53,43.12,1165803.0,PKI
2014-12-19,43.33,44.3,43.31,43.77,2091742.0,PKI
2014-12-22,43.78,44.28,43.78,44.24,636121.0,PKI
2014-12-23,44.43,44.56,43.96,44.05,491809.0,PKI
2014-12-24,44.17,44.35,43.99,43.99,159899.0,PKI
2014-12-26,44.05,44.36,43.89,44.07,241790.0,PKI
2014-12-29,43.93,44.13,43.73,43.93,393781.0,PKI
2014-12-30,43.81,44.22,43.69,44.08,466483.0,PKI
2014-12-31,44.3,44.49,43.67,43.73,529501.0,PKI
2015-01-02,43.97,44.12,43.61,44.09,725602.0,PKI
2015-01-05,43.78,43.9,43.04,43.05,1426802.0,PKI
2015-01-06,41.76,42.98,41.7,42.66,1226166.0,PKI
2015-01-07,42.98,43.1,42.65,42.92,1132289.0,PKI
2015-01-08,43.42,44.28,43.27,44.0,1909473.0,PKI
2015-01-09,44.07,44.12,43.26,43.55,585307.0,PKI
2015-01-12,43.72,43.74,43.02,43.44,564489.0,PKI
2015-01-13,43.83,44.08,42.98,43.39,538865.0,PKI
2015-01-14,42.84,43.12,42.44,42.95,604432.0,PKI
2015-01-15,43.03,43.12,42.27,42.8,993196.0,PKI
2015-01-16,42.6,43.43,42.265,43.37,953123.0,PKI
2015-01-20,43.71,43.93,42.62,43.03,909521.0,PKI
2015-01-21,42.97,43.645,42.8,43.39,752277.0,PKI
2015-01-22,43.89,43.94,43.17,43.84,1101962.0,PKI
2015-01-23,43.87,44.57,43.66,44.29,868881.0,PKI
2015-01-26,44.2,44.48,43.81,44.44,914815.0,PKI
2015-01-27,43.89,44.36,43.69,43.94,1187277.0,PKI
2015-01-28,44.27,44.87,43.89,44.49,1259039.0,PKI
2015-01-29,44.25,44.91,44.0,44.86,1382883.0,PKI
2015-01-30,45.58,47.24,45.46,45.71,3565875.0,PKI
2015-02-02,45.79,45.92,44.41,45.59,2056128.0,PKI
2015-02-03,46.01,46.83,45.68,46.83,1375689.0,PKI
2015-02-04,46.56,46.7,45.87,45.99,977295.0,PKI
2015-02-05,46.07,46.695,46.07,46.59,952083.0,PKI
2015-02-06,46.59,46.71,45.83,45.98,664441.0,PKI
2015-02-09,45.89,45.97,45.34,45.48,713994.0,PKI
2015-02-10,45.68,45.92,45.36,45.87,772855.0,PKI
2015-02-11,45.73,46.18,45.66,45.93,607656.0,PKI
2015-02-12,46.04,46.44,45.88,46.4,308126.0,PKI
2015-02-13,46.46,46.575,46.15,46.3,509798.0,PKI
2015-02-17,46.19,46.43,45.85,46.32,591929.0,PKI
2015-02-18,46.37,46.61,46.01,46.37,372800.0,PKI
2015-02-19,46.2,46.36,45.91,45.93,445282.0,PKI
2015-02-20,45.92,46.6,45.559,46.57,600914.0,PKI
2015-02-23,46.61,46.92,46.3501,46.76,539017.0,PKI
2015-02-24,46.76,47.25,46.54,47.18,539290.0,PKI
2015-02-25,47.2,47.465,46.53,46.96,698430.0,PKI
2015-02-26,47.0,47.08,46.57,47.0,328870.0,PKI
2015-02-27,46.97,47.11,46.78,47.0,390953.0,PKI
2015-03-02,47.11,47.37,46.84,47.15,352864.0,PKI
2015-03-03,46.91,47.13,46.64,46.9,398730.0,PKI
2015-03-04,46.62,46.63,46.2,46.5,729190.0,PKI
2015-03-05,46.66,47.35,46.56,47.28,342383.0,PKI
2015-03-06,47.03,47.1163,46.47,46.57,723930.0,PKI
2015-03-09,46.51,46.59,46.073,46.45,608841.0,PKI
2015-03-10,45.89,46.39,45.77,46.23,707907.0,PKI
2015-03-11,46.35,46.93,46.1,46.75,487276.0,PKI
2015-03-12,46.83,47.27,46.82,47.24,382256.0,PKI
2015-03-13,47.18,47.4993,46.82,47.45,1334233.0,PKI
2015-03-16,47.77,48.315,47.45,48.3,863439.0,PKI
2015-03-17,48.15,48.65,47.69,48.53,717681.0,PKI
2015-03-18,48.47,49.3,48.13,49.29,875304.0,PKI
2015-03-19,49.0,49.9601,48.78,49.85,1129037.0,PKI
2015-03-20,50.36,50.4,49.86,50.21,1399462.0,PKI
2015-03-23,50.09,50.56,50.06,50.49,754900.0,PKI
2015-03-24,50.38,50.71,50.22,50.51,1619737.0,PKI
2015-03-25,50.46,50.83,50.255,50.5,3252850.0,PKI
2015-03-26,50.22,50.55,49.97,50.51,2238482.0,PKI
2015-03-27,50.56,51.175,50.44,51.09,941678.0,PKI
2015-03-30,51.33,51.6,51.17,51.47,631732.0,PKI
2015-03-31,51.14,51.46,50.88,51.14,870392.0,PKI
2015-04-01,50.98,51.082,50.06,50.6,1123668.0,PKI
2015-04-02,50.68,50.98,50.33,50.75,761640.0,PKI
2015-04-06,50.41,51.17,50.2801,50.88,1026741.0,PKI
2015-04-07,50.99,51.28,50.46,50.55,702664.0,PKI
2015-04-08,50.65,51.21,50.422,51.21,818953.0,PKI
2015-04-09,51.09,51.29,50.74,51.25,583778.0,PKI
2015-04-10,51.25,51.77,51.25,51.54,566210.0,PKI
2015-04-13,51.57,51.85,51.55,51.55,523144.0,PKI
2015-04-14,51.46,51.5,51.07,51.17,759188.0,PKI
2015-04-15,51.24,51.46,51.18,51.36,650217.0,PKI
2015-04-16,51.16,51.5,51.1,51.43,579423.0,PKI
2015-04-17,51.04,51.04,50.61,50.99,556744.0,PKI
2015-04-20,51.39,51.72,51.092,51.51,340989.0,PKI
2015-04-21,51.79,51.82,51.4,51.71,522513.0,PKI
2015-04-22,51.42,51.96,51.39,51.69,728270.0,PKI
2015-04-23,51.53,51.72,51.33,51.57,369590.0,PKI
2015-04-24,51.57,51.82,51.39,51.65,1502156.0,PKI
2015-04-27,51.79,52.27,51.32,51.54,1141501.0,PKI
2015-04-28,51.7,51.8,51.23,51.76,819172.0,PKI
2015-04-29,51.41,51.89,51.24,51.76,689866.0,PKI
2015-04-30,51.53,51.93,51.01,51.26,2052113.0,PKI
2015-05-01,51.46,53.52,51.2,52.55,2652922.0,PKI
2015-05-04,51.87,52.63,51.67,52.06,1299286.0,PKI
2015-05-05,51.68,51.7,51.08,51.21,1145409.0,PKI
2015-05-06,51.24,51.365,50.18,50.3,995305.0,PKI
2015-05-07,50.35,50.64,50.09,50.45,1154456.0,PKI
2015-05-08,51.01,51.24,50.64,50.75,915788.0,PKI
2015-05-11,50.68,51.345,50.64,51.12,826711.0,PKI
2015-05-12,51.0,51.08,50.24,51.0,837748.0,PKI
2015-05-13,51.19,51.56,51.12,51.27,604320.0,PKI
2015-05-14,51.44,51.94,51.44,51.78,841604.0,PKI
2015-05-15,51.8,52.23,51.8,52.16,1665493.0,PKI
2015-05-18,52.02,52.42,52.0,52.35,563618.0,PKI
2015-05-19,52.35,52.92,52.28,52.81,636886.0,PKI
2015-05-20,52.95,53.67,52.91,53.58,738579.0,PKI
2015-05-21,53.64,53.67,53.25,53.39,393960.0,PKI
2015-05-22,53.36,53.55,53.14,53.39,529592.0,PKI
2015-05-26,53.28,53.43,52.68,52.74,409126.0,PKI
2015-05-27,52.87,53.51,52.66,53.46,380211.0,PKI
2015-05-28,53.4,53.59,52.815,53.09,485685.0,PKI
2015-05-29,53.03,53.17,52.4801,52.73,326282.0,PKI
2015-06-01,52.92,52.93,52.36,52.57,429830.0,PKI
2015-06-02,52.34,52.78,52.11,52.61,355986.0,PKI
2015-06-03,52.75,52.87,52.39,52.85,428762.0,PKI
2015-06-04,52.79,52.86,52.33,52.45,236392.0,PKI
2015-06-05,52.29,52.43,51.942,52.38,337699.0,PKI
2015-06-08,52.31,52.51,52.0,52.05,333315.0,PKI
2015-06-09,51.96,52.145,51.7,51.74,590932.0,PKI
2015-06-10,51.83,52.755,51.83,52.6,472053.0,PKI
2015-06-11,52.82,52.86,52.52,52.74,336319.0,PKI
2015-06-12,52.48,52.68,52.02,52.06,455479.0,PKI
2015-06-15,51.84,52.05,51.5,52.04,471125.0,PKI
2015-06-16,52.06,52.54,51.91,52.47,287632.0,PKI
2015-06-17,52.55,53.13,52.46,53.07,489519.0,PKI
2015-06-18,53.25,54.37,53.238,53.88,729710.0,PKI
2015-06-19,53.83,54.21,53.76,53.9,840189.0,PKI
2015-06-22,54.09,54.1425,53.9,53.97,251909.0,PKI
2015-06-23,53.91,54.16,53.54,53.76,842238.0,PKI
2015-06-24,53.66,54.0,53.4,53.52,460234.0,PKI
2015-06-25,53.6,54.09,53.19,54.01,648620.0,PKI
2015-06-26,54.14,54.45,53.91,54.29,512337.0,PKI
2015-06-29,53.91,54.13,52.75,52.83,442524.0,PKI
2015-06-30,53.63,53.93,52.63,52.64,836907.0,PKI
2015-07-01,53.04,53.12,52.42,52.49,1039202.0,PKI
2015-07-02,52.66,52.84,52.08,52.24,786451.0,PKI
2015-07-06,51.93,52.36,51.75,52.21,1242914.0,PKI
2015-07-07,52.49,52.49,51.525,52.18,1044048.0,PKI
2015-07-08,51.87,51.925,50.9,50.99,621015.0,PKI
2015-07-09,51.56,51.77,51.0,51.02,628372.0,PKI
2015-07-10,51.59,51.71,51.29,51.53,633265.0,PKI
2015-07-13,51.88,52.22,51.678,52.03,735085.0,PKI
2015-07-14,52.14,53.35,51.87,53.0,1442621.0,PKI
2015-07-15,53.14,53.43,52.46,52.53,535264.0,PKI
2015-07-16,52.83,52.83,52.09,52.35,904146.0,PKI
2015-07-17,52.3,52.73,52.21,52.28,1007172.0,PKI
2015-07-20,52.35,52.65,52.18,52.25,1110794.0,PKI
2015-07-21,52.24,52.355,51.64,51.89,630599.0,PKI
2015-07-22,51.85,52.12,51.4322,51.9,710642.0,PKI
2015-07-23,51.91,52.07,51.54,51.63,637401.0,PKI
2015-07-24,51.45,51.67,50.85,50.89,734667.0,PKI
2015-07-27,50.79,50.86,50.17,50.43,589414.0,PKI
2015-07-28,50.76,50.91,50.325,50.7,1528193.0,PKI
2015-07-29,50.75,51.075,50.59,50.75,956807.0,PKI
2015-07-30,50.56,51.54,50.2,51.42,1085996.0,PKI
2015-07-31,51.7,53.22,51.31,52.92,915047.0,PKI
2015-08-03,52.96,53.17,52.29,52.5,963754.0,PKI
2015-08-04,52.54,53.14,52.46,52.92,732297.0,PKI
2015-08-05,53.225,53.72,52.83,52.85,641242.0,PKI
2015-08-06,52.99,52.99,51.51,51.62,398593.0,PKI
2015-08-07,51.56,51.56,50.615,51.2,531917.0,PKI
2015-08-10,51.49,51.87,51.29,51.59,451522.0,PKI
2015-08-11,51.22,51.42,50.42,50.7,613933.0,PKI
2015-08-12,50.34,50.34,49.05,50.08,1037982.0,PKI
2015-08-13,50.35,50.65,49.98,50.33,788446.0,PKI
2015-08-14,50.53,50.64,50.14,50.52,593208.0,PKI
2015-08-17,50.38,50.49,50.115,50.33,866084.0,PKI
2015-08-18,50.3,50.78,50.22,50.54,444673.0,PKI
2015-08-19,50.26,50.26,49.62,49.81,526266.0,PKI
2015-08-20,49.52,49.63,49.08,49.14,841720.0,PKI
2015-08-21,48.86,48.92,47.7,47.71,1145914.0,PKI
2015-08-24,45.59,47.38,45.08,45.95,1295060.0,PKI
2015-08-25,47.16,47.21,45.97,46.02,1442576.0,PKI
2015-08-26,46.93,48.12,46.37,48.04,1169921.0,PKI
2015-08-27,48.25,49.52,48.23,49.44,900131.0,PKI
2015-08-28,49.23,49.56,48.83,49.48,694800.0,PKI
2015-08-31,49.21,49.37,48.41,48.68,1241174.0,PKI
2015-09-01,47.74,47.9,46.2275,46.42,1372617.0,PKI
2015-09-02,46.96,47.56,46.57,47.56,665987.0,PKI
2015-09-03,47.62,48.42,47.586,47.95,843138.0,PKI
2015-09-04,47.25,47.7499,47.05,47.35,636945.0,PKI
2015-09-08,48.24,48.25,47.585,48.23,543633.0,PKI
2015-09-09,48.52,48.6535,47.22,47.35,448130.0,PKI
2015-09-10,47.09,47.73,47.04,47.45,667948.0,PKI
2015-09-11,47.29,47.99,47.08,47.94,330138.0,PKI
2015-09-14,47.94,48.02,47.38,47.76,392320.0,PKI
2015-09-15,47.92,48.58,47.63,48.41,440783.0,PKI
2015-09-16,48.45,48.92,48.2,48.63,482427.0,PKI
2015-09-17,48.63,49.67,48.6,49.03,482570.0,PKI
2015-09-18,48.52,48.64,47.28,47.37,1193385.0,PKI
2015-09-21,47.65,47.8,46.67,46.84,640127.0,PKI
2015-09-22,46.27,46.53,45.97,46.48,813858.0,PKI
2015-09-23,46.46,46.78,46.29,46.52,475278.0,PKI
2015-09-24,46.1,46.13,45.56,45.93,691017.0,PKI
2015-09-25,46.29,46.48,45.45,45.75,993040.0,PKI
2015-09-28,45.51,45.58,44.13,44.45,1115367.0,PKI
2015-09-29,44.45,45.48,44.37,45.29,1227432.0,PKI
2015-09-30,45.79,46.22,45.22,45.96,681650.0,PKI
2015-10-01,45.91,46.09,45.06,45.43,764947.0,PKI
2015-10-02,44.78,46.44,44.71,46.43,516780.0,PKI
2015-10-05,46.73,47.09,46.35,46.8,546408.0,PKI
2015-10-06,46.55,46.88,46.27,46.74,822693.0,PKI
2015-10-07,46.97,47.87,46.87,47.53,849654.0,PKI
2015-10-08,47.35,47.99,47.13,47.88,437034.0,PKI
2015-10-09,47.86,48.28,47.81,48.19,340396.0,PKI
2015-10-12,48.06,48.27,47.71,48.21,383468.0,PKI
2015-10-13,47.95,48.42,47.5,47.59,463716.0,PKI
2015-10-14,47.62,47.83,47.04,47.16,384508.0,PKI
2015-10-15,47.15,48.26,47.12,48.25,399675.0,PKI
2015-10-16,48.36,48.61,48.02,48.59,459303.0,PKI
2015-10-19,48.52,48.9,48.3,48.88,476000.0,PKI
2015-10-20,48.78,49.11,48.56,48.97,565507.0,PKI
2015-10-21,49.23,49.25,48.57,48.8,551500.0,PKI
2015-10-22,48.98,49.44,48.71,48.99,791020.0,PKI
2015-10-23,49.32,50.39,49.09,50.32,523622.0,PKI
2015-10-26,50.25,50.31,49.7401,49.87,436071.0,PKI
2015-10-27,49.69,50.2,49.55,50.07,795246.0,PKI
2015-10-28,50.07,51.0,49.9,50.99,340501.0,PKI
2015-10-29,51.09,51.31,50.61,51.15,592035.0,PKI
2015-10-30,51.22,51.97,51.13,51.64,727213.0,PKI
2015-11-02,51.74,53.12,51.53,52.91,627473.0,PKI
2015-11-03,52.74,52.95,52.37,52.93,719356.0,PKI
2015-11-04,52.86,53.34,52.73,53.21,621066.0,PKI
2015-11-05,53.29,53.496,52.35,52.43,891430.0,PKI
2015-11-06,51.38,53.3,51.38,51.94,850133.0,PKI
2015-11-09,51.84,51.91,51.38,51.65,829142.0,PKI
2015-11-10,51.61,52.4,51.4,52.18,659459.0,PKI
2015-11-11,52.19,52.55,51.51,51.51,548395.0,PKI
2015-11-12,51.4,51.69,50.67,50.68,556773.0,PKI
2015-11-13,50.72,51.1,50.37,50.64,549802.0,PKI
2015-11-16,50.59,51.17,50.31,51.01,1359547.0,PKI
2015-11-17,51.04,51.63,50.78,51.57,1524488.0,PKI
2015-11-18,51.7,52.67,51.58,52.59,828399.0,PKI
2015-11-19,52.65,52.88,52.42,52.63,497097.0,PKI
2015-11-20,52.9,53.0,52.58,52.67,1678507.0,PKI
2015-11-23,52.72,53.1,52.6,52.83,373623.0,PKI
2015-11-24,52.31,52.75,52.01,52.54,535731.0,PKI
2015-11-25,52.71,53.29,52.37,53.16,391148.0,PKI
2015-11-27,53.22,53.76,53.067,53.58,212529.0,PKI
2015-11-30,53.5,53.73,53.14,53.16,684092.0,PKI
2015-12-01,53.46,53.69,53.01,53.66,509184.0,PKI
2015-12-02,53.52,53.66,52.49,52.56,472243.0,PKI
2015-12-03,51.41,51.91,50.58,50.89,756730.0,PKI
2015-12-04,51.05,52.29,51.05,52.25,606699.0,PKI
2015-12-07,52.03,52.22,51.19,51.41,580312.0,PKI
2015-12-08,49.67,51.01,49.4,50.69,1102949.0,PKI
2015-12-09,50.45,51.05,49.99,50.25,658975.0,PKI
2015-12-10,50.11,50.58,49.8805,50.38,604727.0,PKI
2015-12-11,49.73,50.6,49.5,50.28,656697.0,PKI
2015-12-14,50.32,51.05,50.27,51.01,930211.0,PKI
2015-12-15,51.5,51.795,51.3,51.39,1022383.0,PKI
2015-12-16,51.75,52.8,51.6,52.62,851229.0,PKI
2015-12-17,52.65,52.815,51.93,51.94,568679.0,PKI
2015-12-18,51.69,51.69,50.7,50.87,2081399.0,PKI
2015-12-21,51.47,52.02,51.3,51.55,719038.0,PKI
2015-12-22,51.81,52.85,51.54,52.63,455375.0,PKI
2015-12-23,52.82,53.19,52.57,53.06,336779.0,PKI
2015-12-24,53.05,53.56,53.03,53.44,159429.0,PKI
2015-12-28,53.3,53.56,52.95,53.54,259888.0,PKI
2015-12-29,53.75,54.52,53.74,54.36,367018.0,PKI
2015-12-30,54.25,54.305,53.92,53.93,353001.0,PKI
2015-12-31,53.78,54.26,53.56,53.57,499429.0,PKI
2016-01-04,52.79,52.81,51.72,52.43,911502.0,PKI
2016-01-05,52.72,53.26,52.49,53.01,726181.0,PKI
2016-01-06,52.1,52.86,52.02,52.25,2087767.0,PKI
2016-01-07,51.0,51.41,49.85,50.06,848553.0,PKI
2016-01-08,50.27,50.75,49.27,49.32,866734.0,PKI
2016-01-11,49.55,49.76,47.25,47.75,1677393.0,PKI
2016-01-12,48.17,48.68,47.75,48.55,733373.0,PKI
2016-01-13,48.67,48.76,46.84,47.09,538634.0,PKI
2016-01-14,47.36,48.49,47.04,48.1,765905.0,PKI
2016-01-15,46.78,47.5,46.78,47.41,881124.0,PKI
2016-01-19,48.12,48.12,46.9201,47.77,622796.0,PKI
2016-01-20,47.0,48.68,46.57,48.16,1034660.0,PKI
2016-01-21,48.21,48.24,47.27,47.52,639006.0,PKI
2016-01-22,48.12,49.15,47.75,49.13,718164.0,PKI
2016-01-25,48.85,49.13,48.24,48.39,464541.0,PKI
2016-01-26,48.51,48.97,47.8,48.93,613276.0,PKI
2016-01-27,48.85,49.65,48.22,48.61,873250.0,PKI
2016-01-28,48.59,48.59,46.6,46.97,1033314.0,PKI
2016-01-29,47.17,48.34,47.06,48.32,1193711.0,PKI
2016-02-01,48.11,48.51,47.28,48.23,1583559.0,PKI
2016-02-02,47.68,47.93,47.18,47.53,753762.0,PKI
2016-02-03,47.71,47.71,45.75,46.8,1043860.0,PKI
2016-02-04,46.71,47.43,46.18,46.58,1119423.0,PKI
2016-02-05,42.46,45.2,39.5,43.26,3343661.0,PKI
2016-02-08,42.65,42.98,41.02,41.45,1330447.0,PKI
2016-02-09,40.91,43.19,40.41,42.47,1377328.0,PKI
2016-02-10,42.85,44.97,42.675,43.99,1335729.0,PKI
2016-02-11,43.18,43.68,42.81,43.41,1517773.0,PKI
2016-02-12,44.4,44.59,43.59,44.41,1273003.0,PKI
2016-02-16,44.98,46.09,44.81,45.67,1185905.0,PKI
2016-02-17,45.9,46.26,45.595,45.7,1240886.0,PKI
2016-02-18,45.69,46.57,45.49,45.68,891536.0,PKI
2016-02-19,45.57,47.04,45.43,46.97,2935437.0,PKI
2016-02-22,47.4,47.99,47.03,47.79,1200473.0,PKI
2016-02-23,47.54,48.14,47.0,47.2,1015865.0,PKI
2016-02-24,46.75,47.67,46.59,47.37,892646.0,PKI
2016-02-25,47.28,47.935,47.12,47.62,915013.0,PKI
2016-02-26,47.73,48.3,47.65,47.95,1087547.0,PKI
2016-02-29,47.84,48.195,47.26,47.26,942768.0,PKI
2016-03-01,47.31,47.97,47.27,47.96,1431165.0,PKI
2016-03-02,47.91,49.45,47.72,49.16,1669993.0,PKI
2016-03-03,49.2,49.25,48.43,48.94,884248.0,PKI
2016-03-04,48.96,49.24,48.71,48.82,739943.0,PKI
2016-03-07,48.49,49.41,48.37,48.87,1022823.0,PKI
2016-03-08,48.65,48.73,47.525,47.63,774324.0,PKI
2016-03-09,47.96,48.03,47.56,47.79,913455.0,PKI
2016-03-10,48.02,48.23,47.3,47.64,702847.0,PKI
2016-03-11,48.19,48.73,47.77,48.71,738178.0,PKI
2016-03-14,48.49,48.75,48.11,48.52,403739.0,PKI
2016-03-15,48.11,48.31,47.58,47.7,615360.0,PKI
2016-03-16,47.61,47.99,47.23,47.95,752336.0,PKI
2016-03-17,48.0,48.13,47.08,47.51,669342.0,PKI
2016-03-18,47.59,49.44,47.47,48.93,1395841.0,PKI
2016-03-21,48.74,48.98,48.44,48.45,451664.0,PKI
2016-03-22,48.1,48.97,47.99,48.68,421074.0,PKI
2016-03-23,48.79,49.065,48.6,48.65,841373.0,PKI
2016-03-24,48.49,48.71,47.99,48.42,423672.0,PKI
2016-03-28,48.56,48.6699,47.8,48.3,696446.0,PKI
2016-03-29,48.36,49.39,48.19,49.33,625315.0,PKI
2016-03-30,49.67,49.91,49.22,49.34,403442.0,PKI
2016-03-31,49.21,49.91,48.99,49.46,684071.0,PKI
2016-04-01,49.03,50.46,48.97,50.34,596899.0,PKI
2016-04-04,50.29,50.99,50.05,50.16,636452.0,PKI
2016-04-05,49.13,49.5,48.47,48.58,848299.0,PKI
2016-04-06,48.66,50.28,48.64,50.27,630442.0,PKI
2016-04-07,49.96,50.18,49.05,49.26,811136.0,PKI
2016-04-08,49.91,50.3,49.51,50.0,543471.0,PKI
2016-04-11,50.29,50.55,49.76,49.8,371103.0,PKI
2016-04-12,49.8,50.34,49.76,49.91,327814.0,PKI
2016-04-13,50.15,50.87,49.77,50.71,550119.0,PKI
2016-04-14,50.91,51.22,50.56,50.64,402762.0,PKI
2016-04-15,50.68,50.94,50.35,50.88,417462.0,PKI
2016-04-18,50.79,51.42,50.65,51.33,358217.0,PKI
2016-04-19,51.15,51.37,50.64,50.74,458086.0,PKI
2016-04-20,50.66,51.48,50.37,51.35,437408.0,PKI
2016-04-21,51.35,51.78,50.97,51.42,270535.0,PKI
2016-04-22,51.51,51.75,51.185,51.59,308477.0,PKI
2016-04-25,51.19,51.625,51.03,51.41,291085.0,PKI
2016-04-26,51.53,51.53,50.745,50.96,484554.0,PKI
2016-04-27,50.96,51.66,50.6301,51.46,465583.0,PKI
2016-04-28,51.14,51.6,50.64,50.84,280776.0,PKI
2016-04-29,50.46,50.53,49.77,50.42,503415.0,PKI
2016-05-02,50.66,51.6898,50.3,51.66,409603.0,PKI
2016-05-03,51.21,51.44,50.54,51.41,698275.0,PKI
2016-05-04,51.045,51.2,50.12,50.23,722481.0,PKI
2016-05-05,50.25,50.78,50.06,50.76,636372.0,PKI
2016-05-06,51.88,55.0,51.88,54.23,1592791.0,PKI
2016-05-09,54.37,54.97,53.9,53.96,732809.0,PKI
2016-05-10,54.06,54.95,53.18,54.91,703165.0,PKI
2016-05-11,54.74,55.06,53.93,54.48,640529.0,PKI
2016-05-12,54.52,54.64,53.91,54.48,442929.0,PKI
2016-05-13,54.3,55.055,54.0,54.45,516487.0,PKI
2016-05-16,54.56,55.06,54.55,54.95,545623.0,PKI
2016-05-17,54.92,54.98,54.12,54.42,547261.0,PKI
2016-05-18,54.44,54.65,53.79,54.23,1607187.0,PKI
2016-05-19,53.8,54.02,53.17,53.97,695483.0,PKI
2016-05-20,54.38,54.43,53.595,53.95,843010.0,PKI
2016-05-23,54.04,54.28,53.8,53.9,366308.0,PKI
2016-05-24,54.2,55.16,53.95,54.98,815641.0,PKI
2016-05-25,55.3,56.07,55.03,55.56,837124.0,PKI
2016-05-26,55.55,56.12,54.92,54.97,751213.0,PKI
2016-05-27,54.98,55.24,54.69,54.99,935142.0,PKI
2016-05-31,55.12,55.19,54.63,54.75,810266.0,PKI
2016-06-01,54.52,54.89,54.38,54.82,1173762.0,PKI
2016-06-02,54.81,55.12,54.46,54.92,706659.0,PKI
2016-06-03,54.8,54.8,54.01,54.58,516451.0,PKI
2016-06-06,54.63,54.77,54.36,54.64,646308.0,PKI
2016-06-07,54.79,54.79,54.0,54.34,606428.0,PKI
2016-06-08,54.23,55.0,54.0,54.99,2757536.0,PKI
2016-06-09,54.81,54.92,54.2,54.29,677304.0,PKI
2016-06-10,53.92,54.17,53.53,53.69,1102318.0,PKI
2016-06-13,53.44,53.81,53.1,53.1,585174.0,PKI
2016-06-14,52.94,53.3,52.8,53.25,571020.0,PKI
2016-06-15,53.45,53.62,52.83,52.9,432049.0,PKI
2016-06-16,52.67,52.87,52.27,52.73,343413.0,PKI
2016-06-17,52.72,52.83,52.04,52.35,697276.0,PKI
2016-06-20,53.0,53.69,52.95,53.15,469827.0,PKI
2016-06-21,53.15,53.26,52.61,52.93,457040.0,PKI
2016-06-22,53.09,53.675,52.88,53.24,521282.0,PKI
2016-06-23,53.69,54.24,53.46,54.23,625627.0,PKI
2016-06-24,52.02,52.72,51.67,51.87,1251430.0,PKI
2016-06-27,51.1,51.555,50.26,50.44,880781.0,PKI
2016-06-28,50.79,51.07,50.3,50.86,586337.0,PKI
2016-06-29,51.37,51.91,50.99,51.62,387296.0,PKI
2016-06-30,51.6,52.43,51.5,52.42,509269.0,PKI
2016-07-01,52.43,53.39,52.2,52.66,555424.0,PKI
2016-07-05,52.33,52.33,51.92,52.05,586892.0,PKI
2016-07-06,51.94,52.565,51.825,52.45,974859.0,PKI
2016-07-07,52.52,52.77,52.45,52.59,559561.0,PKI
2016-07-08,53.02,54.04,53.01,53.95,653837.0,PKI
2016-07-11,54.27,54.46,53.925,53.96,455963.0,PKI
2016-07-12,54.33,54.92,54.14,54.76,428324.0,PKI
2016-07-13,54.85,55.69,54.85,55.67,842634.0,PKI
2016-07-14,56.17,56.19,55.77,55.89,793438.0,PKI
2016-07-15,56.12,56.16,55.29,55.38,393730.0,PKI
2016-07-18,55.41,55.41,54.89,55.23,442336.0,PKI
2016-07-19,55.08,55.24,54.62,55.08,373964.0,PKI
2016-07-20,55.36,55.78,55.16,55.65,250088.0,PKI
2016-07-21,55.59,55.855,54.98,55.19,437172.0,PKI
2016-07-22,55.19,55.54,54.94,55.33,278611.0,PKI
2016-07-25,55.19,55.58,54.53,54.79,247382.0,PKI
2016-07-26,54.84,55.65,54.79,55.44,354841.0,PKI
2016-07-27,55.41,55.97,55.29,55.81,305960.0,PKI
2016-07-28,55.78,55.91,55.08,55.59,467837.0,PKI
2016-07-29,55.56,57.0,55.56,56.92,705024.0,PKI
2016-08-01,56.87,57.28,56.595,56.69,519994.0,PKI
2016-08-02,56.53,56.63,55.43,55.91,327440.0,PKI
2016-08-03,55.8,55.88,55.45,55.75,269676.0,PKI
2016-08-04,55.85,55.98,55.49,55.72,487387.0,PKI
2016-08-05,55.66,56.59,54.73,54.85,1109514.0,PKI
2016-08-08,54.8,54.99,54.27,54.59,562936.0,PKI
2016-08-09,54.62,55.08,54.41,54.72,451881.0,PKI
2016-08-10,54.83,54.83,54.2,54.54,588532.0,PKI
2016-08-11,54.65,54.91,54.36,54.72,323669.0,PKI
2016-08-12,54.62,54.62,54.25,54.41,201077.0,PKI
2016-08-15,54.61,54.8,54.42,54.61,278664.0,PKI
2016-08-16,54.39,54.82,54.38,54.71,465402.0,PKI
2016-08-17,54.68,55.09,54.54,54.91,567325.0,PKI
2016-08-18,54.75,54.99,54.4,54.96,387813.0,PKI
2016-08-19,54.77,55.37,54.77,55.3,396104.0,PKI
2016-08-22,55.27,55.29,54.94,55.1,351134.0,PKI
2016-08-23,55.28,56.24,55.28,55.94,619397.0,PKI
2016-08-24,55.81,55.86,54.03,54.09,590014.0,PKI
2016-08-25,54.11,54.6,53.82,54.08,252715.0,PKI
2016-08-26,54.19,54.73,53.84,54.07,271962.0,PKI
2016-08-29,54.06,54.63,54.06,54.41,239576.0,PKI
2016-08-30,54.49,54.62,53.66,53.76,371153.0,PKI
2016-08-31,53.66,53.8,52.96,53.25,651948.0,PKI
2016-09-01,53.27,53.53,52.99,53.26,489953.0,PKI
2016-09-02,54.53,54.53,53.27,53.46,276319.0,PKI
2016-09-06,53.47,53.78,53.4,53.77,491684.0,PKI
2016-09-07,53.78,54.5,53.67,54.48,582552.0,PKI
2016-09-08,54.48,54.93,54.34,54.85,646556.0,PKI
2016-09-09,54.34,54.65,52.75,52.75,899685.0,PKI
2016-09-12,52.08,53.16,52.0,53.03,541151.0,PKI
2016-09-13,52.56,52.72,51.49,51.97,456631.0,PKI
2016-09-14,52.08,52.55,51.68,51.94,272647.0,PKI
2016-09-15,51.98,53.32,51.9,53.16,416582.0,PKI
2016-09-16,53.25,53.655,52.925,53.32,1353684.0,PKI
2016-09-19,53.66,54.31,53.37,53.82,611812.0,PKI
2016-09-20,53.98,54.33,53.15,53.32,718746.0,PKI
2016-09-21,53.71,54.36,53.36,54.29,408912.0,PKI
2016-09-22,54.86,55.75,54.75,55.61,885315.0,PKI
2016-09-23,55.58,55.75,55.32,55.53,464932.0,PKI
2016-09-26,55.18,55.75,54.92,55.23,614145.0,PKI
2016-09-27,55.26,56.04,55.1,56.03,463830.0,PKI
2016-09-28,56.04,56.22,55.7,56.16,595822.0,PKI
2016-09-29,56.06,56.18,54.84,55.14,363056.0,PKI
2016-09-30,55.23,56.34,55.22,56.11,536290.0,PKI
2016-10-03,55.58,55.67,55.17,55.59,540520.0,PKI
2016-10-04,55.62,56.2,55.62,55.77,702942.0,PKI
2016-10-05,56.18,56.53,56.06,56.42,576587.0,PKI
2016-10-06,56.19,56.44,55.745,56.43,795951.0,PKI
2016-10-07,56.5,56.5,55.27,55.7,1029640.0,PKI
2016-10-10,56.09,56.205,55.4,55.46,656417.0,PKI
2016-10-11,54.83,54.83,53.44,53.82,831179.0,PKI
2016-10-12,53.66,53.73,52.87,52.88,555060.0,PKI
2016-10-13,52.44,52.76,52.01,52.06,562768.0,PKI
2016-10-14,52.43,52.45,51.62,52.11,847914.0,PKI
2016-10-17,52.14,52.14,51.63,51.81,672130.0,PKI
2016-10-18,52.47,52.575,52.07,52.49,490153.0,PKI
2016-10-19,52.67,52.86,52.35,52.81,327186.0,PKI
2016-10-20,52.8,53.01,52.63,52.93,348973.0,PKI
2016-10-21,52.5,52.71,52.02,52.69,419807.0,PKI
2016-10-24,53.0,53.24,52.87,53.08,388464.0,PKI
2016-10-25,52.74,52.74,50.93,51.16,1489943.0,PKI
2016-10-26,50.94,51.41,50.41,50.61,1090023.0,PKI
2016-10-27,50.92,51.32,50.835,50.91,618006.0,PKI
2016-10-28,50.82,51.23,50.59,50.8,551599.0,PKI
2016-10-31,50.86,51.09,50.74,50.89,502002.0,PKI
2016-11-01,51.13,51.13,49.94,50.52,468046.0,PKI
2016-11-02,50.32,50.73,50.01,50.02,523713.0,PKI
2016-11-03,49.93,50.4,49.93,50.17,470910.0,PKI
2016-11-04,50.37,51.71,50.37,51.07,713198.0,PKI
2016-11-07,52.07,52.49,51.66,51.87,769580.0,PKI
2016-11-08,47.92,51.14,45.35,50.72,1734876.0,PKI
2016-11-09,52.03,52.03,49.58,50.79,810074.0,PKI
2016-11-10,52.28,52.28,50.96,51.21,1116537.0,PKI
2016-11-11,50.92,51.34,50.5816,50.9,974396.0,PKI
2016-11-14,50.95,51.36,50.21,50.27,976007.0,PKI
2016-11-15,50.37,51.1,50.08,50.92,774099.0,PKI
2016-11-16,50.88,52.31,50.88,51.46,1079904.0,PKI
2016-11-17,51.46,51.595,50.73,50.94,497371.0,PKI
2016-11-18,50.88,51.11,49.715,49.95,741296.0,PKI
2016-11-21,50.04,50.58,50.04,50.58,534063.0,PKI
2016-11-22,50.58,50.73,50.29,50.66,630275.0,PKI
2016-11-23,50.09,51.94,50.09,51.91,530878.0,PKI
2016-11-25,52.06,52.54,51.26,51.54,312085.0,PKI
2016-11-28,51.51,51.51,50.91,50.94,642450.0,PKI
2016-11-29,50.82,51.77,50.82,51.17,469516.0,PKI
2016-11-30,51.35,51.61,50.61,50.72,602934.0,PKI
2016-12-01,50.76,51.19,50.67,50.74,788053.0,PKI
2016-12-02,50.74,51.3917,50.51,50.99,470951.0,PKI
2016-12-05,51.41,51.52,50.83,51.15,481768.0,PKI
2016-12-06,51.18,52.14,50.885,52.1,448190.0,PKI
2016-12-07,52.0,52.76,51.88,52.74,968244.0,PKI
2016-12-08,52.63,53.34,52.46,53.05,584100.0,PKI
2016-12-09,53.0,53.8,53.0,53.56,526808.0,PKI
2016-12-12,53.26,53.74,53.0,53.56,774640.0,PKI
2016-12-13,53.54,54.16,53.45,54.01,635150.0,PKI
2016-12-14,54.08,54.19,53.35,53.56,1014076.0,PKI
2016-12-15,53.36,54.061,53.33,53.99,638179.0,PKI
2016-12-16,54.03,54.225,53.72,53.87,2099912.0,PKI
2016-12-19,53.86,54.36,53.37,53.44,776343.0,PKI
2016-12-20,53.48,53.73,53.38,53.52,401594.0,PKI
2016-12-21,53.37,53.65,52.96,53.09,951995.0,PKI
2016-12-22,52.88,53.28,52.165,52.34,970140.0,PKI
2016-12-23,52.41,52.72,52.19,52.66,312175.0,PKI
2016-12-27,52.68,52.88,52.44,52.68,365045.0,PKI
2016-12-28,52.85,52.85,52.1325,52.19,290923.0,PKI
2016-12-29,52.31,52.51,52.1,52.18,356056.0,PKI
2016-12-30,52.42,52.48,51.95,52.15,355782.0,PKI
2017-01-03,52.35,53.13,52.29,52.99,625629.0,PKI
2017-01-04,53.18,53.58,52.87,53.3,497274.0,PKI
2017-01-05,53.26,53.45,52.58,52.73,574518.0,PKI
2017-01-06,52.66,53.55,52.62,53.11,1180061.0,PKI
2017-01-09,53.14,53.865,53.14,53.55,705958.0,PKI
2017-01-10,53.74,53.74,53.32,53.34,679462.0,PKI
2017-01-11,53.16,53.58,52.36,53.04,629904.0,PKI
2017-01-12,52.98,53.0,52.42,52.96,931748.0,PKI
2017-01-13,53.01,54.06,53.01,53.9,778571.0,PKI
2017-01-17,53.58,53.58,52.895,52.93,767334.0,PKI
2017-01-18,52.91,53.04,52.29,52.43,705944.0,PKI
2017-01-19,52.1,52.77,51.96,52.12,728417.0,PKI
2017-01-20,52.25,52.36,51.63,51.71,470102.0,PKI
2017-01-23,51.43,51.9,51.43,51.69,725542.0,PKI
2017-01-24,52.0,52.23,51.06,51.57,686528.0,PKI
2017-01-25,51.72,52.695,51.58,52.28,619022.0,PKI
2017-01-26,52.29,52.46,51.72,52.06,437534.0,PKI
2017-01-27,52.09,52.715,52.01,52.32,468400.0,PKI
2017-01-30,52.22,52.26,51.42,51.8,588148.0,PKI
2017-01-31,51.85,53.19,51.74,53.19,607824.0,PKI
2017-02-01,53.15,53.96,53.1,53.76,742170.0,PKI
2017-02-02,53.56,53.995,53.19,53.85,1032249.0,PKI
2017-02-03,51.0,53.67,50.59,52.17,2022490.0,PKI
2017-02-06,52.09,52.46,51.76,52.32,725122.0,PKI
2017-02-07,52.36,53.05,52.25,52.69,811034.0,PKI
2017-02-08,52.7,53.56,52.63,53.21,758291.0,PKI
2017-02-09,53.16,54.18,53.16,53.73,603078.0,PKI
2017-02-10,53.79,54.12,53.63,53.97,569757.0,PKI
2017-02-13,54.02,54.54,53.995,54.39,561796.0,PKI
2017-02-14,54.21,54.48,53.99,54.4,577111.0,PKI
2017-02-15,54.33,55.67,54.25,55.55,1078157.0,PKI
2017-02-16,55.41,55.62,55.06,55.32,701399.0,PKI
2017-02-17,55.13,55.94,55.13,55.94,405365.0,PKI
2017-02-21,55.91,56.14,55.4,55.66,592384.0,PKI
2017-02-22,55.49,55.68,55.18,55.2,425526.0,PKI
2017-02-23,55.37,55.445,54.62,55.11,554034.0,PKI
2017-02-24,54.78,55.13,54.66,55.04,971929.0,PKI
2017-02-27,54.91,55.21,54.82,54.99,565616.0,PKI
2017-02-28,54.77,54.92,54.21,54.26,587998.0,PKI
2017-03-01,54.69,55.43,54.62,55.25,942837.0,PKI
2017-03-02,55.09,55.46,54.57,54.62,715098.0,PKI
2017-03-03,54.59,54.97,54.53,54.94,469789.0,PKI
2017-03-06,54.58,54.75,54.24,54.28,587891.0,PKI
2017-03-07,54.07,54.4,53.97,54.08,383554.0,PKI
2017-03-08,54.1,54.65,54.01,54.39,383329.0,PKI
2017-03-09,54.61,55.05,54.43,54.77,444884.0,PKI
2017-03-10,54.97,55.76,54.88,55.59,843464.0,PKI
2017-03-13,55.68,55.89,55.22,55.84,666445.0,PKI
2017-03-14,55.73,55.88,55.41,55.82,437654.0,PKI
2017-03-15,56.0,56.96,55.92,56.82,794277.0,PKI
2017-03-16,56.48,56.81,55.55,56.12,940439.0,PKI
2017-03-17,56.24,57.35,56.07,57.27,1139870.0,PKI
2017-03-20,57.27,57.32,56.79,57.14,981808.0,PKI
2017-03-21,57.32,57.7,57.07,57.27,1159092.0,PKI
2017-03-22,57.26,57.47,56.81,57.19,551767.0,PKI
2017-03-23,57.04,57.88,56.96,57.59,567038.0,PKI
2017-03-24,57.57,58.08,57.38,57.52,598169.0,PKI
2017-03-27,57.68,58.37,57.24,58.03,1322820.0,PKI
2017-03-28,58.12,58.26,57.58,57.96,679460.0,PKI
2017-03-29,57.83,58.0,57.5601,57.91,327171.0,PKI
2017-03-30,57.77,58.19,57.77,57.91,381121.0,PKI
2017-03-31,57.95,58.32,57.67,58.06,443307.0,PKI
2017-04-03,58.03,58.4,57.84,58.0,689936.0,PKI
2017-04-04,57.99,58.07,57.35,57.46,531926.0,PKI
2017-04-05,57.46,57.98,57.22,57.26,677818.0,PKI
2017-04-06,57.44,57.95,57.08,57.85,403117.0,PKI
2017-04-07,57.72,58.03,57.61,57.85,463102.0,PKI
2017-04-10,57.84,58.08,57.59,57.63,313548.0,PKI
2017-04-11,57.5,57.73,57.09,57.46,363769.0,PKI
2017-04-12,57.54,57.63,56.98,57.13,589213.0,PKI
2017-04-13,57.07,57.42,56.91,56.95,501087.0,PKI
2017-04-17,57.25,57.84,57.11,57.78,496839.0,PKI
2017-04-18,57.55,57.8,57.03,57.6,528300.0,PKI
2017-04-19,56.92,57.67,56.21,57.41,632477.0,PKI
2017-04-20,57.59,57.59,56.97,57.24,909184.0,PKI
2017-04-21,57.24,57.43,56.98,57.22,648085.0,PKI
2017-04-24,58.02,58.36,57.88,58.21,361650.0,PKI
2017-04-25,58.5,59.03,58.03,58.65,500658.0,PKI
2017-04-26,58.79,60.01,58.73,59.98,1145749.0,PKI
2017-04-27,60.0,60.35,59.72,59.91,827197.0,PKI
2017-04-28,59.92,59.97,59.07,59.41,512950.0,PKI
2017-05-01,59.75,60.07,59.52,59.93,561051.0,PKI
2017-05-02,60.0,60.505,59.34,59.64,529703.0,PKI
2017-05-03,59.66,59.78,59.05,59.64,456667.0,PKI
2017-05-04,59.63,60.76,59.63,60.49,649864.0,PKI
2017-05-05,61.11,61.98,60.12,61.6,1397923.0,PKI
2017-05-08,61.6,62.04,61.27,61.89,590513.0,PKI
2017-05-09,61.86,62.68,61.56,62.56,692505.0,PKI
2017-05-10,62.57,62.74,62.06,62.67,499753.0,PKI
2017-05-11,62.38,62.645,62.1,62.56,405661.0,PKI
2017-05-12,62.55,62.92,62.33,62.38,796903.0,PKI
2017-05-15,62.35,62.82,62.27,62.76,756604.0,PKI
2017-05-16,62.82,62.9,62.2,62.54,706948.0,PKI
2017-05-17,62.01,62.2,61.38,61.61,780563.0,PKI
2017-05-18,61.62,62.24,61.57,61.66,630323.0,PKI
2017-05-19,61.91,62.31,61.5,61.99,528640.0,PKI
2017-05-22,62.05,62.23,61.78,62.17,393211.0,PKI
2017-05-23,62.59,62.9,61.91,62.06,392098.0,PKI
2017-05-24,62.14,62.45,61.89,62.4,274090.0,PKI
2017-05-25,62.38,62.85,62.28,62.8,331666.0,PKI
2017-05-26,62.77,63.0279,62.76,62.8,504467.0,PKI
2017-05-30,62.75,62.99,62.62,62.96,278364.0,PKI
2017-05-31,63.0,63.15,62.72,63.06,418810.0,PKI
2017-06-01,63.1,64.09,62.945,63.98,863020.0,PKI
2017-06-02,64.02,64.95,63.96,64.87,410830.0,PKI
2017-06-05,64.8,65.07,64.58,64.88,468125.0,PKI
2017-06-06,64.76,65.35,64.7,64.75,662984.0,PKI
2017-06-07,64.81,65.02,64.19,64.7,496573.0,PKI
2017-06-08,64.79,64.79,63.89,64.22,358005.0,PKI
2017-06-09,64.18,64.52,63.62,63.91,505389.0,PKI
2017-06-12,63.61,63.9,63.095,63.7,528375.0,PKI
2017-06-13,63.79,64.46,63.77,64.13,322907.0,PKI
2017-06-14,64.34,64.38,63.73,64.02,345918.0,PKI
2017-06-15,63.68,63.98,63.45,63.86,466541.0,PKI
2017-06-16,63.96,64.35,63.5,63.57,961272.0,PKI
2017-06-19,64.75,67.73,64.75,67.73,2241924.0,PKI
2017-06-20,67.74,68.91,67.23,68.1,1055749.0,PKI
2017-06-21,68.09,68.43,67.72,68.13,710789.0,PKI
2017-06-22,68.12,68.12,67.31,67.8,902581.0,PKI
2017-06-23,68.19,68.51,67.53,68.45,945581.0,PKI
2017-06-26,68.36,68.63,68.08,68.1,557728.0,PKI
2017-06-27,67.97,68.24,67.52,67.55,504177.0,PKI
2017-06-28,67.99,68.66,67.87,68.28,360184.0,PKI
2017-06-29,68.29,68.29,67.25,67.73,654681.0,PKI
2017-06-30,67.96,68.52,67.96,68.14,348776.0,PKI
2017-07-03,68.4,69.19,67.71,67.73,699191.0,PKI
2017-07-05,67.9,68.41,67.73,68.25,425083.0,PKI
2017-07-06,67.85,68.07,67.375,67.53,476111.0,PKI
2017-07-07,67.65,68.08,67.65,67.97,468970.0,PKI
2017-07-10,68.12,68.7,67.73,68.46,377125.0,PKI
2017-07-11,68.6,68.91,68.07,68.67,466557.0,PKI
2017-07-12,69.09,69.49,68.73,68.99,342253.0,PKI
2017-07-13,68.92,69.38,68.47,69.25,578404.0,PKI
2017-07-14,69.26,69.52,68.97,69.46,294190.0,PKI
2017-07-17,69.52,70.16,69.18,69.94,594171.0,PKI
2017-07-18,70.0,70.0,69.11,69.41,728816.0,PKI
2017-07-19,69.67,69.92,69.29,69.39,411166.0,PKI
2017-07-20,69.46,69.82,69.265,69.46,245598.0,PKI
2017-07-21,69.36,69.79,69.285,69.52,388689.0,PKI
2017-07-24,69.53,69.88,69.13,69.37,348629.0,PKI
2017-07-25,69.52,69.61,68.17,68.23,706231.0,PKI
2017-07-26,68.07,68.18,66.02,66.09,1516671.0,PKI
2017-07-27,66.36,66.41,65.57,65.79,809990.0,PKI
2017-07-28,65.85,66.15,65.44,65.89,654121.0,PKI
2017-07-31,66.16,66.41,65.75,65.83,606834.0,PKI
2017-08-01,66.55,66.85,66.25,66.72,467592.0,PKI
2017-08-02,66.55,66.85,66.25,66.72,467618.0,PKI
2017-08-03,66.63,66.74,65.98,66.35,724271.0,PKI
2017-08-04,66.0,66.0,63.03,64.29,1510742.0,PKI
2017-08-07,64.61,66.26,64.37,65.8,896409.0,PKI
2017-08-08,65.74,66.105,63.85,64.03,894905.0,PKI
2017-08-09,63.79,64.3,63.37,64.25,564922.0,PKI
2017-08-10,63.91,64.0,62.9,62.95,638934.0,PKI
2017-08-11,62.68,64.15,62.43,63.93,497434.0,PKI
2017-08-14,64.46,64.66,63.79,64.0,571431.0,PKI
2017-08-15,64.07,64.35,63.96,64.14,715178.0,PKI
2017-08-16,64.43,64.93,64.14,64.64,516156.0,PKI
2017-08-17,64.54,64.82,63.6,63.66,433561.0,PKI
2017-08-18,63.56,63.96,63.1101,63.47,403207.0,PKI
2017-08-21,63.48,64.19,63.37,64.15,556102.0,PKI
2017-08-22,64.35,65.09,64.175,64.94,434967.0,PKI
2017-08-23,64.93,65.16,64.58,65.03,441253.0,PKI
2017-08-24,65.13,65.52,64.88,65.18,295909.0,PKI
2017-08-25,65.4,65.63,65.22,65.35,294001.0,PKI
2017-08-28,65.64,66.04,65.385,65.71,318114.0,PKI
2017-08-29,65.39,65.95,65.28,65.88,319334.0,PKI
2017-08-30,65.87,66.38,65.82,66.19,439600.0,PKI
2017-08-31,66.35,67.235,66.22,66.99,424081.0,PKI
2017-09-01,67.04,67.23,66.79,66.99,746282.0,PKI
2017-09-05,66.83,67.23,66.48,67.2,554142.0,PKI
2017-09-06,67.5,67.78,67.27,67.59,557514.0,PKI
2017-09-07,67.83,67.8632,67.26,67.83,600408.0,PKI
2017-09-08,67.84,68.26,67.439,67.65,660941.0,PKI
2017-09-11,67.98,68.58,67.52,68.3,771732.0,PKI
2017-09-12,68.43,68.66,68.22,68.56,1586414.0,PKI
2017-09-13,68.39,68.61,68.18,68.53,664986.0,PKI
2017-09-14,68.45,68.86,68.36,68.72,934072.0,PKI
2017-09-15,68.65,69.09,68.5,69.08,1078409.0,PKI
2017-09-18,69.3,69.56,68.92,69.48,757735.0,PKI
2017-09-19,69.61,69.61,68.98,69.06,957872.0,PKI
2017-09-20,69.09,69.24,68.65,68.99,562344.0,PKI
2017-09-21,68.9,68.9,68.1,68.2,659024.0,PKI
2017-09-22,68.14,68.33,67.8,68.17,378916.0,PKI
2017-09-25,68.08,68.46,67.89,68.45,339231.0,PKI
2017-09-26,68.92,69.06,67.51,68.18,547289.0,PKI
2017-09-27,68.18,68.68,67.835,68.46,388505.0,PKI
2017-09-28,68.32,68.55,67.87,68.34,330686.0,PKI
2017-09-29,68.26,69.15,68.07,68.97,432077.0,PKI
2017-10-02,69.2,69.76,69.05,69.47,611084.0,PKI
2017-10-03,69.81,70.15,69.35,70.08,719659.0,PKI
2017-10-04,70.1,70.27,69.86,70.2,595405.0,PKI
2017-10-05,70.4,70.59,70.06,70.44,423357.0,PKI
2017-10-06,70.15,70.61,70.07,70.61,300596.0,PKI
2017-10-09,70.64,70.85,70.35,70.62,1141396.0,PKI
2017-10-10,70.68,70.99,70.395,70.88,351114.0,PKI
2017-10-11,70.84,71.81,70.84,71.5,1048067.0,PKI
2017-10-12,71.54,72.0,71.33,71.81,708116.0,PKI
2017-10-13,71.93,72.11,71.17,71.39,410175.0,PKI
2017-10-16,71.63,71.785,71.14,71.25,404319.0,PKI
2017-10-17,71.13,71.25,69.74,70.41,540404.0,PKI
2017-10-18,70.7,70.77,70.14,70.19,556953.0,PKI
2017-10-19,69.98,71.37,69.98,71.32,423304.0,PKI
2017-10-20,71.59,71.935,71.32,71.73,462010.0,PKI
2017-10-23,71.73,71.91,71.385,71.64,525972.0,PKI
